{"stats":{"minecraft:crafted":{"minecraft:wheat":9},"minecraft:custom":{"minecraft:time_since_rest":7693,"minecraft:open_chest":2,"minecraft:crouch_one_cm":826,"minecraft:play_time":7693,"minecraft:sprint_one_cm":7693,"minecraft:walk_one_cm":75354,"minecraft:sneak_time":342,"minecraft:walk_under_water_one_cm":197,"minecraft:mob_kills":1,"minecraft:jump":91,"minecraft:damage_dealt":90,"minecraft:leave_game":1,"minecraft:walk_on_water_one_cm":479,"minecraft:time_since_death":7693,"minecraft:total_world_time":7693,"minecraft:talked_to_villager":1,"minecraft:fall_one_cm":2473,"minecraft:fly_one_cm":18373},"minecraft:killed":{"naturalist:snail":1},"minecraft:mined":{"minecraft:hay_block":1,"minecraft:grass":4,"minecraft:grass_block":1},"minecraft:picked_up":{"minecraft:slime_ball":1,"minecraft:hay_block":1,"naturalist:snail_shell":1,"minecraft:dirt":1},"minecraft:used":{"minecraft:dirt":1}},"DataVersion":3465}